id,price
22805,947100.0
18392,474705.0
15215,353430.0
20235,171864.0
13810,962346.0
8028,337722.0
22659,240702.0
20659,351351.0
17529,729036.0
25806,191961.0
21147,253176.0
3739,449064.0
8971,719796.0
10853,314160.0
13474,228228.0
12110,314160.0
16936,239778.0
5183,443058.0
20603,574728.0
12801,245784.0
15443,599445.0
17775,295680.0
25808,241164.0
9579,320859.0
2449,632478.0
12167,345576.0
536,604296.0
17999,241626.0
8778,381612.0
5163,656964.0
21665,319704.0
10296,459690.0
25591,340032.0
196,1166088.0
10506,338184.0
9199,381150.0
6950,443520.0
11048,517440.0
14732,535920.0
25323,452760.0
20505,218988.0
23306,610995.0
6826,286440.0
16598,567336.0
17934,958419.0
16680,451531.40786240785
13469,724416.0
7499,496650.0
18524,1255023.0
20885,507276.0
7602,605682.0
21388,364980.0
15073,595056.0
4115,577500.0
25700,402633.0
22917,601062.0
23991,242550.0
24896,198198.0
3585,358512.0
21945,338184.0
23894,436590.0
18072,440748.0
2740,202125.0
21151,289443.0
16908,407022.0
14811,514437.0
21326,428274.0
24790,419496.0
8318,494340.0
13286,346962.0
4501,384384.0
4143,336336.0
23459,349503.0
9334,299376.0
4832,166320.0
7516,243936.0
25170,758373.0
1644,462231.0
8504,1166781.0
5503,281127.0
10781,517440.0
16797,609840.0
13421,296835.0
4344,435435.0
5306,305382.0
13655,694848.0
13298,768306.0
20777,577500.0
20949,499653.0
12624,278817.0
20921,460614.0
18819,684915.0
19024,538461.0
22707,328944.0
17853,1212057.0
7217,224763.0
12218,470316.0
1661,344652.0
25709,303303.0
3820,294987.0
22560,454608.0
9558,496188.0
23006,199584.0
3694,317625.0
13881,273966.0
3525,272118.0
19347,472857.0
8393,359898.0
13243,421344.0
7936,264264.0
25131,243936.0
24770,207900.0
4605,756063.0
21358,537768.0
10124,276507.0
15666,240240.0
4413,277200.0
3931,817509.0
20972,380226.0
21332,375144.0
3789,711480.0
13887,277200.0
25120,372603.0
20533,427350.0
23476,289443.0
674,384384.0
17218,206976.0
11432,418110.0
4424,236775.0
5727,307923.0
15127,1011549.0
3541,528528.0
4471,462693.0
24317,526218.0
11807,274428.0
16338,243936.0
26116,507276.0
13906,276276.0
25635,536844.0
12971,130284.0
1915,437745.0
13555,177870.0
5719,427350.0
20409,271656.0
3189,343959.0
23702,428736.0
11466,273504.0
17711,630168.0
6536,731346.0
23659,332640.0
11697,404250.0
22080,462924.0
8918,197505.0
20319,164010.0
6607,278124.0
10961,366135.0
20833,1011549.0
16066,241164.0
3616,401940.0
18786,412566.0
3799,627858.0
19857,318087.0
13641,334488.0
11598,428967.0
6095,669438.0
3272,232848.0
24598,252252.0
14938,485100.0
13462,427350.0
18433,226149.0
21401,354354.0
24626,400554.0
10915,426888.0
3707,401016.0
22910,885192.0
17644,253638.0
20457,435666.0
2734,340725.0
6422,359436.0
12506,417879.0
14218,424347.0
9006,215061.0
10819,218064.0
25227,181104.0
6836,246477.0
24632,589050.0
11661,462000.0
17383,362208.0
18014,311850.0
18339,334950.0
1422,277200.0
1457,429660.0
5802,565950.0
4343,791175.0
18841,377454.0
25585,231000.0
15331,503811.0
5418,581889.0
19006,661584.0
3023,243936.0
12354,481404.0
1530,299376.0
19295,474243.0
19484,355509.0
19510,363132.0
1684,360360.0
9796,352044.0
4059,231000.0
20155,338415.0
9653,287133.0
3318,1676367.0
23907,284592.0
2588,487179.0
4372,347655.0
7033,346500.0
2119,468468.0
13540,313236.0
24007,229152.0
12724,269346.0
22141,426888.0
16546,487872.0
11420,519750.0
22208,505428.0
21076,288288.0
13587,641025.0
21685,347424.0
18042,425040.0
20646,626934.0
21231,450450.0
16750,265188.0
5076,261030.0
21690,376992.0
2561,656964.0
8225,199584.0
11941,362208.0
9331,615384.0
4178,230307.0
2929,391545.0
2136,232848.0
18240,489720.0
21553,395010.0
13985,347424.0
19813,578655.0
3673,609147.0
22341,184800.0
25300,850773.0
7095,647493.0
345,878031.0
11007,924924.0
7136,380688.0
21648,300300.0
25677,303765.0
5456,578424.0
15508,397089.0
11786,506352.0
19141,457842.0
7325,307692.0
4282,474474.0
8880,574728.0
8623,720258.0
18011,939708.0
18113,180180.0
2008,199815.0
3394,503580.0
21407,651420.0
230,565026.0
15133,166320.0
12578,378378.0
12523,718410.0
8516,473550.0
11790,464772.0
20854,757449.0
3473,441672.0
15665,227304.0
16181,248556.0
17918,531300.0
14018,510510.0
4966,282282.0
2463,329868.0
15647,397320.0
10185,292215.0
21741,343497.0
23921,218064.0
8510,530376.0
20766,264033.0
323,371910.0
9512,329868.0
19179,473550.0
8492,469854.0
5304,598983.0
640,390852.0
9338,231000.0
17697,276738.0
20464,263340.0
19317,332640.0
7882,497805.0
13191,1332408.0
12710,486255.0
25830,462000.0
19742,258258.0
12068,486024.0
15293,684684.0
3502,487179.0
17415,137676.0
16180,311388.0
10166,695079.0
15752,298914.0
1981,376992.0
24171,711249.0
12461,210210.0
2541,361284.0
8952,320628.0
18721,442827.0
25645,711249.0
12189,609840.0
10911,324324.0
4564,318087.0
23118,421344.0
9161,1249017.0
3946,646800.0
17236,833910.0
16612,503580.0
16050,463386.0
1227,517440.0
6682,690228.0
9362,358512.0
17759,560637.0
1901,607068.0
20886,256872.0
17708,244167.0
7268,529683.0
11170,594132.0
14943,374220.0
1483,388542.0
12272,351120.0
5345,301455.0
25203,634788.0
25798,313005.0
11216,463848.0
12233,369600.0
17979,311850.0
20419,260568.0
11778,221760.0
12209,395472.0
12917,731346.0
23282,421344.0
10577,628320.0
26092,461769.0
752,369369.0
24620,359436.0
12517,425271.0
19369,375144.0
7759,437976.0
18510,274428.0
10108,336798.0
25476,282744.0
19934,310464.0
16145,599445.0
6300,534534.0
10398,344190.0
13980,556941.0
12534,324324.0
21659,162162.0
7738,399399.0
6657,415800.0
25631,435435.0
25822,508200.0
943,402402.0
13099,221760.0
20689,372141.0
16864,662970.0
19544,443058.0
959,784707.0
7578,683760.0
23840,251328.0
17425,269346.0
14253,377916.0
20813,271656.0
3923,326403.0
4097,812196.0
16245,565488.0
9681,413952.0
25559,826980.0
1947,362208.0
9128,521136.0
866,315777.0
2420,407484.0
7918,408870.0
4843,333102.0
26215,283668.0
9414,501732.0
15894,606606.0
3399,444213.0
13698,548856.0
775,613074.0
8528,572880.0
16250,177408.0
20010,221760.0
5047,345345.0
1668,335181.0
2195,404250.0
14507,577269.0
23537,534534.0
16359,403095.0
24405,192423.0
10299,700392.0
17638,623700.0
15137,610764.0
13781,303072.0
9755,540078.0
22772,97713.0
23528,1027488.0
18407,547470.0
22395,173250.0
16257,438900.0
9724,214830.0
6352,395010.0
25790,266112.0
5971,399168.0
15737,556479.0
9920,453222.0
15264,206976.0
852,465465.0
23340,300300.0
8892,373758.0
20569,316008.0
22461,474012.0
11373,338184.0
24686,414414.0
1441,810810.0
1598,259182.0
23514,508200.0
9544,597597.0
25115,201432.0
7302,376992.0
15625,181335.0
20158,184338.0
7786,452760.0
10933,332640.0
15961,937398.0
11617,739662.0
15637,699006.0
13633,554400.0
3757,133056.0
17639,473550.0
8203,286440.0
12925,213444.0
25079,602910.0
24432,376992.0
5048,606375.0
18002,349272.0
9602,608916.0
9863,342804.0
8797,605220.0
16151,410487.0
11896,361284.0
21658,495495.0
9043,242088.0
18963,522984.0
4978,356202.0
6551,223608.0
14094,225225.0
10628,624624.0
15858,373296.0
20684,558558.0
9194,249249.0
11072,418110.0
25670,217140.0
993,428043.0
13916,531531.0
22523,320397.0
12135,471240.0
16266,148533.0
19825,583506.0
14560,439824.0
9298,279972.0
5979,532686.0
3784,404712.0
12079,553707.0
25763,360360.0
14734,280203.0
8874,562023.0
6245,554400.0
14845,205821.0
2435,382767.0
26158,368676.0
6863,544698.0
2168,235620.0
24704,321552.0
491,478401.0
1662,451531.40786240785
3686,299607.0
22090,247632.0
15377,170709.0
13366,506583.0
16404,517209.0
12344,954030.0
24886,529221.0
25082,522060.0
24856,236082.0
20982,644721.0
14235,560406.0
22787,297990.0
16961,427350.0
17572,255255.0
3265,525756.0
17617,230307.0
21290,300300.0
24791,372372.0
16541,273504.0
13505,408870.0
8843,711018.0
16233,561330.0
25940,588126.0
11386,358743.0
22449,346500.0
6027,610302.0
8023,370524.0
11067,480249.0
19747,341187.0
23260,459921.0
341,276276.0
10879,522984.0
2229,252252.0
14344,539616.0
5453,468237.0
11038,265650.0
20922,209748.0
12739,469854.0
382,350658.0
26086,411180.0
15619,155232.0
13344,567105.0
14697,380226.0
7185,452298.0
21369,762300.0
18849,167706.0
24549,368676.0
6077,516516.0
7924,443520.0
25123,273504.0
25701,559020.0
11701,501270.0
25436,199815.0
13033,419265.0
7889,207900.0
18633,443520.0
15099,331485.0
1045,498036.0
14239,715869.0
25918,876645.0
24412,352044.0
15983,232848.0
15873,291984.0
17133,336336.0
21473,341880.0
2308,610995.0
2325,485793.0
18898,422961.0
8240,294294.0
22764,637560.0
23966,288750.0
1729,360822.0
11610,432432.0
22531,178101.0
13415,393624.0
6270,584892.0
23115,166320.0
733,653268.0
24633,1170015.0
7706,323400.0
15400,477708.0
7655,627858.0
17009,270039.0
2635,814506.0
22211,276507.0
4461,219450.0
7256,375375.0
21087,518133.0
9598,1609608.0
2055,362670.0
10269,284130.0
3901,243936.0
12562,772695.0
14471,425733.0
8248,619542.0
16827,334026.0
17904,328251.0
550,382998.0
3441,401940.0
4345,602679.0
3362,306768.0
7986,1114344.0
10876,248325.0
6891,400323.0
25744,498960.0
2622,369600.0
19171,654192.0
24613,295680.0
401,497574.0
1087,246477.0
1113,545160.0
12895,295911.0
16945,167937.0
9922,450450.0
25514,226380.0
12863,390390.0
4950,270963.0
9052,342342.0
23806,433356.0
18262,351120.0
15461,368676.0
19866,323400.0
15970,568722.0
1475,401940.0
1202,362670.0
8477,478170.0
26047,629013.0
15325,450450.0
10321,249480.0
8574,401247.0
283,293139.0
25200,520212.0
14535,270732.0
16516,244860.0
6745,324093.0
3995,512589.0
19016,286902.0
16860,974127.0
8058,471702.0
14911,213906.0
18107,402633.0
26045,420882.0
14861,240240.0
15065,369369.0
23087,757218.0
5771,419496.0
14479,360360.0
5382,408177.0
22232,241164.0
20107,441672.0
8403,509586.0
20275,202818.0
4387,390390.0
4418,562254.0
3704,184569.0
15645,520212.0
1588,369600.0
14636,266112.0
23910,316932.0
16580,451531.40786240785
14941,413952.0
22337,686763.0
12111,251328.0
2227,203742.0
16759,399168.0
16658,388080.0
3578,358281.0
7949,319473.0
5128,609378.0
22053,340725.0
15002,577500.0
22604,345576.0
16059,175098.0
15010,311850.0
19784,414414.0
19569,261492.0
18217,502194.0
9739,426426.0
13069,537306.0
7348,388080.0
9402,502887.0
5764,316008.0
15484,702702.0
12550,573804.0
21046,454146.0
11974,465696.0
25648,319011.0
13124,622314.0
8538,330099.0
4140,306768.0
15213,401940.0
6705,528528.0
25809,273042.0
23606,399861.0
21208,431739.0
1822,498036.0
21619,434511.0
21746,892815.0
7552,419958.0
3595,490182.0
3594,381150.0
16362,271425.0
14128,543774.0
20122,381150.0
15348,304227.0
24446,437976.0
274,649341.0
199,418572.0
20718,534072.0
11482,340263.0
21970,353199.0
17097,280665.0
22818,294063.0
13207,522984.0
19639,837837.0
8425,375144.0
996,645414.0
12357,432894.0
6892,273966.0
18712,419265.0
3410,466158.0
23729,466389.0
873,275814.0
16108,466620.0
2153,306537.0
10654,670362.0
1815,155925.0
7049,243936.0
6769,466158.0
6179,357357.0
19377,361284.0
11945,317163.0
16904,502656.0
6024,302148.0
14163,387618.0
7251,458535.0
16810,379071.0
25062,422961.0
2619,270270.0
8575,432663.0
8280,323862.0
4679,763224.0
6014,270732.0
1122,653037.0
6913,513744.0
6279,350658.0
5472,341418.0
12811,569184.0
1805,444906.0
13872,358050.0
12230,892815.0
7753,221760.0
15278,414414.0
6325,554400.0
2141,393393.0
25765,506121.0
12244,704550.0
17540,342804.0
25641,510972.0
1347,203280.0
18683,1000230.0
2464,440286.0
11527,558096.0
21111,291060.0
10798,266574.0
19670,518826.0
25858,304920.0
10331,886578.0
16769,416262.0
6346,948024.0
25730,314853.0
14401,683760.0
22808,498960.0
2842,163548.0
8588,273735.0
22829,562716.0
2767,823053.0
5533,477939.0
24414,497112.0
25135,338184.0
3096,418572.0
6712,544929.0
7930,759528.0
18715,310464.0
19977,343266.0
4165,329868.0
7911,772464.0
17151,515130.0
21704,459228.0
11355,325248.0
23817,632940.0
24761,396858.0
14731,478863.0
3592,748671.0
16217,762300.0
7976,451531.40786240785
16533,300300.0
17224,277200.0
21749,186648.0
7937,420420.0
4484,575652.0
13520,918687.0
4821,182028.0
5160,486486.0
10431,249942.0
16067,368907.0
21434,866019.0
15819,342804.0
10881,565950.0
5290,735735.0
17166,388080.0
4303,348348.0
52,523446.0
14640,445599.0
896,353430.0
14014,646569.0
20177,727650.0
24666,212520.0
243,504504.0
1103,609840.0
16861,130746.0
4981,531762.0
24968,460845.0
14649,367290.0
22197,377685.0
7515,487872.0
22165,316932.0
6883,226380.0
11526,495495.0
14447,354816.0
15178,309771.0
5138,451605.0
1246,474705.0
20681,362208.0
25098,1155462.0
14822,329868.0
15446,349503.0
23389,487641.0
24642,471240.0
397,164703.0
10801,401016.0
11731,235620.0
22790,228228.0
3110,336336.0
8576,831831.0
17713,533379.0
3609,616539.0
23080,215985.0
22690,361053.0
14459,143451.0
1959,634788.0
21597,184800.0
14323,316008.0
4519,419034.0
14477,244629.0
13133,190344.0
24162,456456.0
13566,487410.0
22398,354585.0
13522,362439.0
22124,889350.0
11928,336336.0
21772,258720.0
23856,464079.0
12649,822822.0
1664,468468.0
5384,415338.0
12627,541464.0
21043,444675.0
12623,252252.0
9913,309540.0
20099,348348.0
5610,723261.0
2508,358050.0
10191,798798.0
18208,906213.0
25181,505890.0
8074,177177.0
6275,471471.0
17637,451531.40786240785
13594,339801.0
6424,361284.0
7671,439362.0
10772,454608.0
15640,353430.0
3002,492030.0
14074,450450.0
12477,314853.0
22929,300300.0
9811,371910.0
12014,465696.0
19594,369600.0
2393,359667.0
23812,523215.0
19073,296604.0
11209,428736.0
5652,573342.0
25474,389004.0
9659,302610.0
312,461769.0
17057,273504.0
12054,423885.0
10953,203280.0
17124,196812.0
16871,335412.0
2111,340032.0
18084,493416.0
7293,388773.0
2701,419727.0
12547,525756.0
25414,331254.0
5711,240240.0
428,544698.0
13573,505659.0
24764,225225.0
17403,275352.0
19717,553938.0
7563,421344.0
12560,374220.0
12844,311850.0
22397,609840.0
843,691614.0
12766,485100.0
7547,270732.0
21738,334026.0
22505,318780.0
13205,291060.0
3860,324555.0
22470,269346.0
12072,492492.0
20429,2238390.0
4639,304227.0
6306,506814.0
8729,570339.0
25235,566412.0
16876,144144.0
18515,577038.0
21057,608454.0
21026,494802.0
13110,254100.0
12291,403788.0
14751,479325.0
12806,264957.0
25399,307230.0
14071,349272.0
3027,274890.0
16919,279972.0
11752,384384.0
10193,183183.0
22122,305844.0
7554,612612.0
13578,468930.0
25659,745437.0
13770,514206.0
23948,336798.0
6029,334719.0
11817,401709.0
7792,1158003.0
24501,533610.0
10804,213675.0
9729,655578.0
8873,439824.0
23106,736890.0
423,415800.0
13385,306537.0
18044,717486.0
5312,346500.0
14509,280203.0
25167,232848.0
8466,254100.0
11666,351120.0
24621,258720.0
17246,413028.0
13433,544236.0
23869,243936.0
7456,366366.0
5262,377223.0
16745,643797.0
22496,346038.0
2232,802032.0
17795,662970.0
9567,465696.0
24367,249480.0
17767,266112.0
7886,165165.0
8896,773619.0
17489,504504.0
19231,374682.0
17316,464079.0
1972,207669.0
10548,312312.0
6354,236544.0
25948,164010.0
9463,170016.0
23495,337260.0
8604,350196.0
9526,540540.0
14244,199353.0
7258,495033.0
11800,361284.0
16254,252252.0
25332,419034.0
20734,335412.0
501,288750.0
16553,471240.0
3045,574728.0
26014,363594.0
13624,204204.0
15041,367983.0
25661,622314.0
24996,473319.0
19907,438438.0
17367,283437.0
18862,252252.0
18321,376992.0
16345,169785.0
25697,572649.0
25443,473550.0
22131,272580.0
10687,884730.0
20370,219450.0
20902,375375.0
23645,958650.0
16472,245784.0
22913,246246.0
15668,314160.0
18713,301917.0
23334,528528.0
8902,294294.0
2201,495264.0
23129,103488.0
22034,264726.0
11337,837606.0
22734,262416.0
24057,522060.0
24591,376992.0
8345,273042.0
9485,279510.0
12069,314622.0
1190,440748.0
4783,887502.0
17078,877107.0
15678,276276.0
7841,419496.0
10971,375144.0
15981,263340.0
13063,448602.0
9482,399168.0
4438,554400.0
2676,248325.0
22643,279510.0
8447,241164.0
7290,196350.0
19000,544698.0
11854,421575.0
25484,850311.0
9520,490413.0
19666,285747.0
150,791175.0
12826,408639.0
21844,542850.0
25782,697158.0
18567,600600.0
25650,282744.0
4285,130977.0
4186,210210.0
12727,273504.0
18859,354354.0
16083,207900.0
16631,311388.0
11424,754908.0
12240,578655.0
6052,355740.0
10132,727650.0
16796,892815.0
7294,747978.0
25885,611457.0
7782,419727.0
22326,408408.0
12274,293832.0
7703,456225.0
23064,323631.0
20920,800184.0
21981,691614.0
2918,254100.0
10519,518133.0
18149,530838.0
17473,213675.0
12311,230076.0
9495,582120.0
23985,474474.0
6491,166320.0
17084,699468.0
16736,592746.0
4170,442365.0
23191,580503.0
8231,552552.0
23557,257796.0
21581,525756.0
24701,537537.0
11131,350196.0
8482,540540.0
6628,372372.0
15392,422499.0
22224,468006.0
15852,418110.0
11272,194271.0
8332,255024.0
18856,249249.0
512,555093.0
25852,443520.0
25408,421344.0
14236,413952.0
17525,419034.0
4106,891198.0
24687,365904.0
22518,331485.0
17657,660198.0
17942,597828.0
11836,305613.0
3058,253407.0
21549,442827.0
23884,370755.0
15782,297066.0
8165,110880.0
10476,218526.0
880,490644.0
20126,620466.0
11142,346500.0
13130,132132.0
25928,282975.0
13557,388080.0
3547,26334.0
8487,246246.0
21324,414876.0
6390,306075.0
24801,444213.0
18576,309309.0
14046,393624.0
25044,638022.0
16689,834372.0
11832,346500.0
11129,649341.0
19812,450450.0
18111,231924.0
485,924693.0
4984,410256.0
7667,552552.0
25063,309309.0
19095,305382.0
7785,288750.0
16468,218295.0
17137,303534.0
20037,554400.0
23825,362208.0
2864,425964.0
16447,328482.0
1512,669900.0
5284,343959.0
9248,410025.0
1427,646800.0
2726,241857.0
1710,401940.0
23378,302841.0
24210,234696.0
7799,353661.0
12088,444675.0
15188,303303.0
2974,471240.0
11227,1269576.0
2662,763224.0
14223,177408.0
22809,236082.0
20222,368676.0
23742,131208.0
22655,414414.0
6069,1155000.0
11557,677523.0
18066,463155.0
7907,362208.0
11940,533148.0
3286,377916.0
8331,153384.0
14403,334026.0
17398,142989.0
15760,567567.0
21306,270270.0
18503,244860.0
2830,413028.0
8939,470316.0
24815,403326.0
10963,356664.0
11681,569646.0
13850,420651.0
22160,646800.0
3111,295680.0
167,257796.0
7085,569184.0
23672,387156.0
12709,469392.0
9115,154539.0
8337,413952.0
21082,262416.0
19132,639870.0
2281,373296.0
14255,394548.0
11728,564564.0
2564,424347.0
12591,203742.0
22981,446754.0
4125,222453.0
10297,462924.0
24108,471240.0
247,374682.0
10676,799722.0
20851,246015.0
25580,600600.0
3668,396165.0
8634,346500.0
11400,323400.0
25728,664818.0
15427,270270.0
487,369600.0
23680,612150.0
25621,292215.0
12194,545853.0
8483,431277.0
4932,278124.0
13678,451531.40786240785
7731,349041.0
20038,395472.0
18090,654885.0
26040,426195.0
15634,320166.0
26137,250404.0
21144,538692.0
12575,436128.0
1114,352968.0
4043,559482.0
22209,200508.0
2885,275814.0
2898,586047.0
7948,284592.0
9648,182952.0
17192,679140.0
23270,295680.0
953,582813.0
5405,475398.0
17050,349272.0
15779,383460.0
9202,310926.0
7585,529221.0
12282,372372.0
6760,194040.0
8030,411180.0
7842,448371.0
20243,847308.0
24873,482328.0
25141,999999.0
15657,168630.0
1569,237468.0
17783,486948.0
15565,428274.0
25034,376068.0
14563,488796.0
5514,193116.0
21505,568029.0
15105,560175.0
17920,257796.0
15501,431277.0
16262,173250.0
14957,501270.0
5799,236313.0
10389,577500.0
17382,469854.0
25590,478170.0
3643,474012.0
17821,347424.0
24221,999768.0
13347,311850.0
6667,392700.0
9165,175560.0
18275,237930.0
7458,605220.0
14354,174636.0
9209,316701.0
7584,466620.0
3806,478632.0
3662,316008.0
7553,289443.0
20188,207900.0
16267,378609.0
7952,304920.0
25521,276045.0
18538,1245321.0
23927,506814.0
22557,561561.0
3398,316470.0
6293,431508.0
9565,511434.0
22554,270270.0
280,191268.0
9904,550011.0
11822,332640.0
13940,396165.0
14370,376530.0
2300,460152.0
16049,672441.0
21420,150843.0
24890,239547.0
9072,357126.0
8158,399168.0
19685,547008.0
16334,791868.0
15448,414414.0
24159,221760.0
17152,739200.0
7216,487641.0
3488,462693.0
14355,396627.0
8777,293601.0
10052,291060.0
7898,144144.0
20873,296604.0
22780,424347.0
13924,256410.0
2797,386232.0
22735,342111.0
13978,424578.0
25270,507738.0
1610,358743.0
6011,314853.0
14936,517440.0
1336,310926.0
5754,523908.0
3383,332640.0
25338,167475.0
9594,377685.0
15555,462462.0
10549,194733.0
16726,930468.0
2762,315777.0
738,276045.0
9826,439362.0
18254,778239.0
20194,931854.0
1056,313236.0
8449,388080.0
2805,254100.0
18707,453915.0
21525,428736.0
4450,277200.0
9419,292908.0
2579,256872.0
20907,680064.0
13209,292446.0
4672,429429.0
2034,989373.0
21114,281820.0
5685,445599.0
20845,102795.0
34,449064.0
25733,340494.0
2157,332640.0
17291,393162.0
12451,352275.0
13278,213675.0
2084,194040.0
10574,653730.0
21840,443520.0
7132,415800.0
23452,311619.0
626,350658.0
8862,365904.0
7363,312312.0
25450,1008084.0
19150,375837.0
18806,329868.0
601,364518.0
11660,277200.0
1448,221760.0
10777,213906.0
25546,400092.0
19770,700161.0
24434,232848.0
11756,439824.0
18258,575190.0
409,323400.0
17240,664125.0
10765,251328.0
9213,287364.0
19074,234234.0
5501,376992.0
7431,371448.0
2213,531300.0
2140,326865.0
25842,194040.0
11547,472164.0
4540,458997.0
2346,588588.0
11021,449757.0
12276,201894.0
25479,445830.0
5226,415569.0
2240,427581.0
5464,410025.0
21334,278124.0
4036,413952.0
20991,247863.0
22544,504735.0
19415,410718.0
6234,545391.0
6178,782166.0
4336,372372.0
15492,429660.0
19321,221760.0
8761,276276.0
20130,355740.0
2266,427812.0
25440,171402.0
11993,232848.0
25146,364056.0
24773,394086.0
14359,375144.0
380,406329.0
19479,568260.0
2434,451531.40786240785
5844,199584.0
23983,712404.0
12532,451531.40786240785
1834,772926.0
18687,565950.0
4273,424347.0
17404,474936.0
9684,300300.0
8223,642180.0
18497,368214.0
20497,391776.0
18294,268884.0
7780,379764.0
19602,266112.0
18602,461307.0
3035,367290.0
11766,655578.0
25137,311850.0
12883,467544.0
24470,228690.0
18362,289674.0
4715,378609.0
22864,463155.0
20367,405174.0
5836,297759.0
20100,225225.0
3108,453684.0
24683,542850.0
18594,379764.0
23298,379071.0
10608,199584.0
12976,212520.0
17020,770154.0
17077,284361.0
24774,476553.0
15203,411642.0
13950,821205.0
5863,251790.0
8944,468006.0
19284,486024.0
5841,1088472.0
3498,315777.0
17603,530838.0
21081,1264494.0
17745,355047.0
23515,576345.0
2813,306537.0
11320,358974.0
16328,620235.0
23042,355047.0
7811,318318.0
4745,426195.0
12777,399630.0
21022,608685.0
2476,888657.0
21877,374220.0
19494,669900.0
5647,294525.0
16900,372141.0
20004,264264.0
3100,227304.0
6418,636636.0
8480,214368.0
12524,508200.0
19534,360822.0
15458,830214.0
15054,304920.0
15529,268653.0
19271,639177.0
20078,110880.0
17037,394548.0
17314,584892.0
23594,155232.0
21823,446292.0
2171,308847.0
6133,322476.0
21687,702240.0
5625,388080.0
15578,247632.0
13206,389235.0
18829,465696.0
13742,394548.0
2790,393624.0
9233,328020.0
13028,279741.0
12010,600600.0
2501,261954.0
17646,377685.0
24400,351120.0
6,369600.0
9407,289443.0
75,360822.0
14757,544698.0
4203,508200.0
1108,232848.0
22686,588588.0
5705,249018.0
17465,349272.0
19731,363825.0
4110,725802.0
9902,222684.0
748,354816.0
1889,293370.0
13531,777777.0
10039,381150.0
9014,413952.0
17779,473550.0
14133,403788.0
12551,219450.0
20843,277200.0
25492,449988.0
16520,334026.0
2152,345576.0
17446,514206.0
13786,462000.0
18605,498498.0
10468,250173.0
3455,258720.0
19305,713328.0
21460,300300.0
2496,510972.0
16651,166320.0
21682,241164.0
11770,694617.0
18153,497112.0
259,431277.0
17818,485100.0
971,379302.0
12617,543312.0
24315,352968.0
18998,760452.0
22212,346500.0
17379,1157310.0
4702,180642.0
2641,615615.0
10941,424578.0
18883,337260.0
1489,595749.0
12292,492030.0
21210,284130.0
11012,184569.0
22494,275121.0
13287,316932.0
19078,576576.0
11783,248094.0
9897,665049.0
17278,746592.0
14229,445368.0
3393,481635.0
9188,595056.0
346,564564.0
8144,163548.0
21835,585816.0
13967,248094.0
14518,444906.0
17952,346269.0
16175,671055.0
24906,822129.0
3492,593670.0
21937,352737.0
23234,372834.0
96,482559.0
624,231000.0
5843,904827.0
99,386925.0
5508,412104.0
14928,384615.0
14316,347193.0
15347,896280.0
5584,219912.0
15112,302148.0
963,868791.0
18632,510972.0
23237,403788.0
1456,432432.0
20027,482790.0
5640,493416.0
9538,286902.0
13229,535227.0
6134,411180.0
6340,436590.0
11044,558327.0
9731,276276.0
6280,483945.0
26083,323862.0
4793,288288.0
17620,346500.0
6173,662970.0
25066,974820.0
9084,237006.0
14815,535458.0
20455,326172.0
3843,177408.0
14065,356895.0
17714,410487.0
5437,404250.0
4563,230769.0
9958,833910.0
6802,383922.0
8105,486255.0
18340,969738.0
250,390621.0
20196,231000.0
16247,149226.0
1346,861168.0
24450,293832.0
19450,306768.0
23872,200277.0
2760,420420.0
7001,642180.0
8887,298221.0
18482,635250.0
13394,363825.0
8799,277200.0
11202,584430.0
12457,347424.0
23029,494802.0
18846,340956.0
23294,693000.0
13646,203742.0
17980,567798.0
10260,338646.0
4884,251328.0
21762,454377.0
16427,158466.0
3844,312543.0
15667,364980.0
17242,182259.0
21547,486024.0
19003,321552.0
11188,409563.0
12052,325017.0
7228,294756.0
10709,201894.0
17098,334950.0
22072,315084.0
21596,674751.0
23904,589974.0
16483,426426.0
10235,601755.0
10114,346500.0
5589,297528.0
20945,299838.0
4194,471702.0
25870,254562.0
18868,793485.0
16734,289674.0
10263,371910.0
17707,324555.0
1804,512820.0
22000,535920.0
6545,511434.0
15769,337722.0
7668,548625.0
3050,608916.0
8404,385539.0
8094,300993.0
23108,506121.0
17742,314391.0
9623,408870.0
4305,591822.0
3858,700392.0
12350,476553.0
4293,924000.0
5910,382536.0
3396,421344.0
21694,329175.0
10322,346038.0
11809,528528.0
734,365904.0
1288,310464.0
15949,194040.0
11946,445368.0
3735,851466.0
1921,960036.0
516,291060.0
8886,592284.0
23055,462462.0
17736,649341.0
25914,597828.0
18897,309309.0
16423,696696.0
21855,263340.0
4226,651189.0
19826,794871.0
4667,188496.0
6357,327096.0
22147,300069.0
4610,629244.0
20041,564102.0
23830,138600.0
6478,375375.0
20257,317394.0
13483,468237.0
6779,394317.0
7209,598752.0
11388,386232.0
2533,373758.0
10556,240240.0
14225,487872.0
13586,429660.0
4421,423423.0
1147,701547.0
20791,363594.0
11890,205128.0
12645,447216.0
9791,713328.0
15067,249480.0
6355,466851.0
17712,407946.0
10366,288750.0
6549,406329.0
8192,1254792.0
18879,551628.0
2772,325248.0
3197,1016400.0
14171,375144.0
17624,285054.0
1510,627858.0
2221,271887.0
17217,306768.0
3698,303996.0
15697,394086.0
4724,487410.0
3181,167706.0
17903,630399.0
22982,228228.0
7172,406098.0
3690,442134.0
26097,254100.0
13022,304458.0
24251,349272.0
4788,717948.0
16084,1119426.0
5331,182028.0
35,310926.0
21583,284823.0
20087,302379.0
21009,641487.0
10870,213675.0
5742,462000.0
194,447216.0
25630,208362.0
19417,506583.0
5564,332640.0
25600,426888.0
19578,406098.0
20901,826980.0
20283,543312.0
10421,266343.0
16078,502194.0
4157,554400.0
14399,413952.0
10899,267729.0
12507,213444.0
12850,434973.0
13836,396396.0
4455,471471.0
24645,507507.0
5436,345807.0
13855,286902.0
17211,457380.0
15382,489258.0
24287,616077.0
19062,295449.0
24729,174636.0
17636,656964.0
22495,568722.0
1968,210672.0
12160,535458.0
17923,537999.0
8972,385770.0
22302,276969.0
1747,369600.0
8608,566412.0
16356,531531.0
1818,244398.0
1923,508431.0
12107,429660.0
8316,384153.0
16398,263340.0
19026,315315.0
5098,384153.0
20412,284823.0
7467,394086.0
24467,196350.0
18719,382074.0
12756,534303.0
10359,160083.0
3813,702933.0
5045,285285.0
3014,299376.0
19405,325248.0
19340,482790.0
9997,352275.0
25811,483714.0
3172,382536.0
18429,363825.0
6206,516516.0
18486,783552.0
1052,306999.0
24318,1249710.0
12093,489027.0
20781,402864.0
10992,2361744.0
11149,878955.0
4955,822822.0
7828,452991.0
4547,313467.0
20197,457149.0
3792,101178.0
19556,374682.0
5081,130746.0
7482,258720.0
8238,589050.0
5099,349734.0
15677,362670.0
8054,173250.0
15931,437745.0
16354,567336.0
13588,393393.0
9658,584661.0
20157,938784.0
1808,241626.0
7691,379764.0
9845,277200.0
18757,593208.0
14433,179718.0
718,277662.0
6527,443520.0
20512,308616.0
20032,392700.0
10021,399168.0
12952,823515.0
7539,258720.0
20023,254100.0
14049,374220.0
7653,360822.0
12310,476322.0
22036,743358.0
5187,322014.0
2647,258720.0
9189,257103.0
20156,312543.0
19361,231693.0
15929,669900.0
23442,1014552.0
25364,544929.0
24487,221760.0
26125,733425.0
6502,198198.0
14189,625317.0
2362,373527.0
17953,242550.0
7819,462000.0
17045,384384.0
15393,267960.0
9183,473319.0
24336,337029.0
13437,249018.0
538,148071.0
15017,456456.0
4189,331716.0
4859,294525.0
12382,724416.0
16833,747516.0
18402,367290.0
5068,243936.0
5925,880803.0
2009,468468.0
11818,497574.0
3537,379302.0
11150,516747.0
11985,491106.0
6223,300300.0
19571,300300.0
11624,332640.0
6388,411642.0
26059,315546.0
11686,324786.0
10158,221760.0
20112,335412.0
16289,421344.0
7591,308616.0
11147,223608.0
5354,618618.0
13717,202125.0
22846,652344.0
13966,857934.0
4972,336105.0
3580,393624.0
10280,794178.0
19606,616077.0
23217,367290.0
4520,269577.0
7107,318780.0
21639,206976.0
3635,482328.0
4258,489258.0
7627,232848.0
25361,324324.0
10030,274890.0
3486,609840.0
25637,469854.0
15467,484869.0
24912,474474.0
4730,228921.0
4093,310926.0
7751,315084.0
6646,221760.0
11004,406560.0
7712,248094.0
23083,328251.0
2214,374220.0
24655,314391.0
6072,283668.0
10137,358050.0
22559,531300.0
24765,350427.0
3589,614691.0
8161,345345.0
3426,133056.0
6788,344421.0
23046,273735.0
15045,499422.0
11071,373989.0
12248,276276.0
18492,370986.0
25989,198198.0
2209,375606.0
25982,665973.0
13697,309309.0
1035,460845.0
23053,232848.0
21662,457380.0
20631,235620.0
22524,954030.0
17753,290829.0
6700,577500.0
22533,221760.0
2404,192423.0
25460,263340.0
17,412797.0
8121,228690.0
7858,479556.0
13905,554400.0
9358,284592.0
4047,537999.0
10353,671979.0
6529,254100.0
9169,228228.0
11448,289443.0
15081,231000.0
23096,310464.0
1603,271656.0
23663,331254.0
2973,236775.0
2222,286902.0
19734,379764.0
12761,343728.0
10643,400785.0
7376,259182.0
9886,606144.0
20011,338184.0
5094,184338.0
14711,535920.0
5218,243936.0
25032,724416.0
12815,334026.0
14628,510279.0
14630,774774.0
17054,630399.0
24024,291522.0
19279,392700.0
15957,349272.0
9514,267036.0
1412,352275.0
14045,288519.0
4707,525756.0
14592,211365.0
911,556710.0
7969,842226.0
24588,566181.0
8688,271887.0
9932,500808.0
19967,532686.0
10061,595518.0
10821,310695.0
3971,407022.0
9251,323400.0
21206,316470.0
2275,311388.0
6662,257334.0
21910,212520.0
22086,363132.0
5107,474705.0
6137,406560.0
14200,490182.0
17131,625086.0
25371,288750.0
22450,488334.0
1303,386925.0
9757,263340.0
14619,306768.0
9651,349272.0
15144,314160.0
19184,224301.0
4252,180180.0
18761,572187.0
12691,569877.0
17788,370524.0
3068,877800.0
24657,315084.0
2516,249018.0
15119,1019865.0
14467,412566.0
12821,323400.0
14685,393162.0
22485,411642.0
6400,257334.0
20683,333102.0
10935,304920.0
24054,779625.0
147,634788.0
8374,467313.0
24832,799953.0
20622,869253.0
6195,389004.0
3942,366135.0
14982,282744.0
6562,182952.0
1290,264726.0
13129,598290.0
13328,219219.0
15912,782397.0
14258,323400.0
5554,375606.0
2683,451836.0
15272,254100.0
19090,277200.0
16857,163548.0
11233,578424.0
4070,954030.0
15364,451531.40786240785
12717,208593.0
25967,477477.0
10035,207900.0
5035,349272.0
15925,309309.0
21824,265188.0
6237,323400.0
20617,569646.0
25654,294525.0
12381,396396.0
20069,577500.0
3418,394779.0
12138,214368.0
2359,492492.0
13066,254100.0
4871,465696.0
11235,151074.0
14417,287364.0
11255,339339.0
14105,536844.0
3706,207207.0
11189,380226.0
8426,373758.0
7946,451531.40786240785
5982,331023.0
15900,338184.0
19728,497343.0
9147,177408.0
20628,356895.0
24841,633171.0
5871,517902.0
24247,99561.0
11243,401709.0
3503,382767.0
22589,301455.0
14497,814968.0
9172,395010.0
3601,860706.0
10843,249480.0
22592,552090.0
15209,845229.0
17990,288288.0
23554,340263.0
12639,300069.0
14008,818433.0
18917,583506.0
4903,607299.0
8450,331254.0
2715,513513.0
12152,138369.0
25116,358974.0
6600,310464.0
13831,328020.0
2904,308154.0
17469,1123122.0
1738,660660.0
8396,518364.0
6417,711249.0
5260,435204.0
7964,354816.0
13984,681912.0
23283,425040.0
1765,539616.0
25055,480942.0
12259,537768.0
9509,410256.0
2518,329868.0
21885,588819.0
9532,759759.0
18270,341649.0
19931,287826.0
25537,568260.0
8200,231000.0
19319,780780.0
20471,738738.0
16429,645183.0
14263,160776.0
14747,362439.0
7249,362208.0
1743,452991.0
24802,401247.0
447,271194.0
6253,437514.0
3000,250173.0
2858,454146.0
1675,554400.0
14499,353430.0
11888,321321.0
24113,324555.0
16685,539616.0
22233,278586.0
20542,305151.0
5683,729036.0
8048,625086.0
10533,416031.0
2595,474474.0
19587,213906.0
8180,764841.0
24156,266112.0
24727,603372.0
24575,258720.0
1121,894432.0
12829,385308.0
520,384384.0
385,275814.0
15969,462462.0
20553,330792.0
22975,381150.0
19798,279972.0
22510,288750.0
12848,421575.0
21229,372834.0
19910,574266.0
4449,365442.0
8935,411180.0
2583,312081.0
7722,388080.0
438,383460.0
2870,606837.0
19588,465696.0
20439,233772.0
11850,119427.0
482,257103.0
6281,805728.0
14006,369600.0
23242,207900.0
13054,434280.0
10862,388542.0
5282,470547.0
681,434511.0
9559,284592.0
4191,482328.0
20378,288750.0
5102,479325.0
10743,499884.0
12557,424347.0
1106,415800.0
17561,436821.0
6434,525063.0
10461,335643.0
26099,537306.0
10037,392469.0
459,572187.0
12438,345576.0
25762,425040.0
7304,303072.0
11845,547701.0
15035,271656.0
13431,516978.0
21770,756525.0
17651,544005.0
10094,415800.0
22977,398706.0
6067,288981.0
7012,747516.0
5214,237468.0
11262,318780.0
1201,329868.0
10841,350427.0
13679,252252.0
8443,648879.0
6725,283668.0
1978,484407.0
4168,196581.0
10438,407253.0
24482,415800.0
6919,233310.0
25962,438900.0
25837,555555.0
15292,586278.0
10700,483252.0
1940,568260.0
221,532917.0
16147,190575.0
19721,319242.0
23649,233310.0
23542,358743.0
16340,626472.0
9687,689304.0
2819,271656.0
21671,1375143.0
22697,331947.0
8101,398475.0
20026,711249.0
3919,439593.0
19831,324324.0
24353,487872.0
1397,301224.0
4739,219450.0
4659,570570.0
9383,577500.0
17787,415800.0
11008,299376.0
13369,478632.0
12092,1093092.0
5570,316470.0
7030,365442.0
6510,262416.0
12754,436590.0
12188,724185.0
18695,667128.0
19371,359436.0
23437,423885.0
20686,388542.0
3222,334488.0
15003,364056.0
5720,436590.0
12745,371910.0
7113,660198.0
26178,382998.0
20499,838068.0
10023,245784.0
24696,266112.0
18740,329868.0
19876,373065.0
20410,214830.0
11288,521136.0
15312,383922.0
2905,565488.0
23513,404712.0
5343,442134.0
13291,1295448.0
16950,356202.0
9100,394086.0
8615,265188.0
22035,210672.0
24016,181104.0
21353,422499.0
10887,809193.0
6547,303072.0
13681,316008.0
25496,381150.0
127,358512.0
24161,633864.0
21024,526911.0
19429,402864.0
7861,234234.0
9851,307692.0
24833,355740.0
6576,854700.0
21565,466851.0
6214,318549.0
10624,221760.0
22404,311388.0
964,738969.0
7427,288981.0
24073,349272.0
3298,340725.0
24001,387387.0
20596,322707.0
10427,376992.0
10325,536844.0
23230,397320.0
20297,297528.0
17652,429660.0
4057,189420.0
6871,431046.0
7468,193809.0
2173,504504.0
19795,664125.0
24641,538923.0
9779,326403.0
503,828366.0
18553,375144.0
11396,377685.0
20484,454608.0
6241,449526.0
18109,769692.0
20210,302610.0
10119,405174.0
20092,270270.0
928,367290.0
16973,543312.0
20795,820050.0
24234,519981.0
10605,368676.0
3421,213675.0
3508,474936.0
22148,251328.0
23834,280434.0
16656,361284.0
8300,629706.0
828,416031.0
23798,184800.0
24479,317625.0
15085,291060.0
10254,451531.40786240785
25530,358050.0
26015,1209747.0
5377,325248.0
10610,467544.0
21943,316008.0
4785,179256.0
25105,178101.0
16443,252252.0
16668,448833.0
25925,372141.0
7451,302148.0
7241,573804.0
11297,915684.0
14186,570570.0
8999,788634.0
14909,472626.0
21728,933009.0
13903,742434.0
8679,789558.0
8903,334488.0
6526,264033.0
18040,232848.0
26147,190575.0
23269,194502.0
14371,534072.0
14076,772002.0
10569,288288.0
1063,614229.0
15053,247632.0
22719,266112.0
4900,404250.0
15046,785862.0
25355,340956.0
9568,734580.0
25998,334026.0
9842,352275.0
21236,354585.0
25817,437745.0
2061,364056.0
7573,947100.0
12520,664356.0
20137,364518.0
9807,1074843.0
5148,277200.0
8124,258720.0
23435,462462.0
16102,442827.0
2225,364518.0
1282,531300.0
18483,311619.0
5478,789558.0
20045,494109.0
9668,440286.0
23490,461769.0
5658,369600.0
7298,221760.0
9391,540771.0
14177,420882.0
12943,459921.0
16591,186186.0
22388,241164.0
13933,442596.0
26248,359436.0
19185,854007.0
10906,401940.0
12574,277200.0
16947,216678.0
25964,649572.0
478,392700.0
13308,1114344.0
17075,267036.0
3366,1012473.0
10004,374220.0
3142,288750.0
1092,482328.0
12802,924000.0
4388,515130.0
19304,428274.0
5211,321321.0
25180,240702.0
10923,646107.0
11904,317394.0
3581,441210.0
21016,335181.0
11361,521136.0
15939,310002.0
970,331716.0
9366,729498.0
8868,605913.0
11106,342804.0
6149,286902.0
3382,411642.0
13695,352275.0
3169,609609.0
20837,258720.0
22077,1270038.0
1009,245784.0
7428,190575.0
5678,757449.0
210,693000.0
13188,340956.0
10614,277200.0
12555,310002.0
14320,349734.0
11121,279279.0
14384,289212.0
10309,328944.0
4397,302610.0
18577,410025.0
9478,436821.0
8470,276276.0
9250,410949.0
8863,361746.0
24231,346500.0
10163,441441.0
13707,379764.0
24751,724878.0
21047,548394.0
9051,469854.0
2194,393624.0
649,314391.0
15730,168168.0
217,219450.0
18123,765534.0
9162,281820.0
24229,443289.0
9976,564795.0
15829,320166.0
25214,231462.0
17710,581889.0
13958,401016.0
9136,454608.0
3402,404712.0
12503,428736.0
21097,423423.0
8406,267036.0
14495,287826.0
10598,399168.0
10818,640563.0
22633,170940.0
24037,410256.0
8898,464310.0
17419,505890.0
5762,422037.0
3949,654885.0
19438,540540.0
11973,251328.0
25473,521367.0
4699,605451.0
17237,254100.0
5174,235620.0
18476,417186.0
4645,160314.0
23272,361053.0
7505,346038.0
21052,387387.0
17982,1032801.0
10062,620004.0
3047,270963.0
8643,738738.0
4375,313236.0
5804,501732.0
10432,528990.0
20713,663894.0
134,449064.0
24814,585123.0
15977,463617.0
18102,376992.0
20301,456456.0
20225,366828.0
3745,428736.0
2937,486717.0
15056,502425.0
12513,257334.0
15205,380226.0
146,347886.0
17052,352044.0
12024,654654.0
15375,354816.0
3482,417186.0
7724,297066.0
4322,343959.0
25574,382074.0
8542,285978.0
20113,254100.0
2752,222684.0
18389,295680.0
18342,276276.0
10658,347655.0
7175,1036035.0
20762,724416.0
24722,435204.0
819,433356.0
367,833910.0
11679,249480.0
2981,470778.0
11808,236544.0
23364,592053.0
16978,378147.0
5553,397551.0
25461,546546.0
11097,322014.0
16909,768768.0
14990,313467.0
19021,270270.0
91,531300.0
22089,453453.0
15658,374220.0
4148,177408.0
22198,566412.0
5115,496188.0
5219,366597.0
2495,389697.0
19175,253407.0
12343,264264.0
2505,462231.0
3780,508200.0
11909,445137.0
24871,383922.0
17267,615384.0
20661,161238.0
19950,498960.0
12983,565026.0
13494,552552.0
14197,449526.0
10697,346962.0
23456,216216.0
15755,269808.0
13811,266805.0
2528,589974.0
19767,504504.0
8195,325248.0
10978,550704.0
13037,412335.0
17227,415338.0
19808,534303.0
1034,273273.0
4990,542850.0
2270,392700.0
696,291060.0
2592,356895.0
11456,659043.0
20864,631785.0
20149,249480.0
119,298452.0
19868,423192.0
25890,629244.0
6633,433125.0
17533,508200.0
18705,439824.0
25516,328251.0
23292,694848.0
10424,624162.0
9625,386463.0
20490,577500.0
4391,357126.0
8336,326172.0
24197,274428.0
9418,364056.0
1888,522060.0
10981,399168.0
22726,244398.0
4085,472395.0
8229,667590.0
23958,451836.0
2408,586509.0
6964,496650.0
26007,388080.0
1413,497112.0
11026,753984.0
12539,459459.0
11326,215985.0
17931,208593.0
15703,360360.0
23860,891660.0
1450,270039.0
26213,512820.0
5221,902748.0
